ano_eleicao;sigla_uf;nome_municipio;descricao_cargo;num_turno;numero_zona;sigla_partido;nome_candidato;nome_urna_candidato;numero_cand;desc_sit_cand_superior;desc_sit_candidato;desc_sit_cand_tot;total_votos
2016;AC;ACRELÂNDIA;PREFEITO;1;8;PSB;EDERALDO CAETANO DE SOUSA;CAETANO;40;APTO;DEFERIDO;ELEITO;3852
2016;AC;ACRELÂNDIA;PREFEITO;1;8;PP;DJALMA PESSOA DE OLIVEIRA;DJALMA;11;APTO;DEFERIDO;NÃO ELEITO;1545
2016;AC;ACRELÂNDIA;PREFEITO;1;8;PDT;AGRECINO DE SOUSA;GRESSO;12;APTO;DEFERIDO;NÃO ELEITO;886
2016;AC;ACRELÂNDIA;PREFEITO;1;8;PSDB;ARISTON DE SOUZA JARDIM;ARISTON;45;APTO;DEFERIDO;NÃO ELEITO;627
2016;AC;ACRELÂNDIA;PREFEITO;1;8;PRB;FRANCISCA SILVA DE MOURA LIMA;FRANCISCA BASILIO;10;APTO;DEFERIDO;NÃO ELEITO;259
2016;AC;ASSIS BRASIL;PREFEITO;1;6;PSDB;ANTONIO BARBOSA DE SOUSA;ZUM;45;APTO;DEFERIDO;ELEITO;2324
2016;AC;ASSIS BRASIL;PREFEITO;1;6;PC do B;JESUS SEBASTIAN LOPEZ CARDOSO;PILIQUE;65;APTO;DEFERIDO;NÃO ELEITO;1342
2016;AC;ASSIS BRASIL;PREFEITO;1;6;DEM;SÉRGIO BATISTA DA SILVA;SERJÃO;25;APTO;DEFERIDO;NÃO ELEITO;753
2016;AC;BRASILÉIA;PREFEITO;1;6;PT;FERNANDA DE SOUZA HASSEM CESAR;FERNANDA HASSEM;13;APTO;DEFERIDO;ELEITO;6819
2016;AC;BRASILÉIA;PREFEITO;1;6;PSDB;MANOEL PRETTE;MANOEL PRETE;45;APTO;DEFERIDO;NÃO ELEITO;6013
2016;AC;BUJARI;PREFEITO;1;9;PC do B;ROMUALDO DE SOUZA ARAUJO;ROMUALDO;65;APTO;DEFERIDO;ELEITO;1853
2016;AC;BUJARI;PREFEITO;1;9;PP;MARIA ZILMAR DA ROCHA PAIVA;ZILMAR;11;APTO;DEFERIDO;NÃO ELEITO;1468
2016;AC;BUJARI;PREFEITO;1;9;PT;CLOVIS ALVES DE MELO E SILVA;CLOVIS MELO;13;APTO;DEFERIDO;NÃO ELEITO;1145
2016;AC;BUJARI;PREFEITO;1;9;PMDB;FRANCISCO CHAGAS DE SOUZA BESSA;FRANCISCO BESSA;15;APTO;DEFERIDO;NÃO ELEITO;1038
2016;AC;BUJARI;PREFEITO;1;9;PSB;JOSÉ VIEIRA DE LIMA NETO;NETO PADEIRO;40;APTO;DEFERIDO;NÃO ELEITO;700
2016;AC;CAPIXABA;PREFEITO;1;8;PP;JOSÉ AUGUSTO GOMES DA CUNHA;ZÉ AUGUSTO;11;APTO;DEFERIDO;ELEITO;2198
2016;AC;CAPIXABA;PREFEITO;1;8;DEM;MANOEL MAIA BESERRA;MANOEL MAIA;25;APTO;DEFERIDO;NÃO ELEITO;1898
2016;AC;CAPIXABA;PREFEITO;1;8;PR;OTAVIO GUIMARAES VAREDA;VAREDA;22;APTO;DEFERIDO COM RECURSO;NÃO ELEITO;880
2016;AC;CAPIXABA;PREFEITO;1;8;PT;DAMIÃO DE SOUZA QUEIROZ;DAMIÃO;13;APTO;DEFERIDO;NÃO ELEITO;678
2016;AC;CAPIXABA;PREFEITO;1;8;PSB;LIDIA FRANKLIM DA SILVA;LIDIA;40;APTO;DEFERIDO;NÃO ELEITO;501
2016;AC;CRUZEIRO DO SUL;PREFEITO;1;4;PMDB;ILDERLEI SOUZA RODRIGUES CORDEIRO;ILDERLEI CORDEIRO;15;APTO;DEFERIDO;ELEITO;18119
2016;AC;CRUZEIRO DO SUL;PREFEITO;1;4;PSB;CARLA IVANE DE BRITTO;DELEGADA CARLA;40;APTO;DEFERIDO;NÃO ELEITO;11466
2016;AC;CRUZEIRO DO SUL;PREFEITO;1;4;PSDB;HENRIQUE AFONSO SOARES LIMA;HENRIQUE AFONSO;45;APTO;DEFERIDO;NÃO ELEITO;9292
2016;AC;EPITACIOLÂNDIA;PREFEITO;1;6;PSB;JOÃO SEBASTIÃO FLORES DA SILVA;TIÃO FLORES;40;APTO;DEFERIDO;ELEITO;4068
2016;AC;EPITACIOLÂNDIA;PREFEITO;1;6;PT;MARCOS FERNANDO SILVA;MARCOS FERNANDO;13;APTO;DEFERIDO;NÃO ELEITO;3026
2016;AC;EPITACIOLÂNDIA;PREFEITO;1;6;PSD;ROSIMARI FERREIRA DA SILVA;PROFESSORA ROSIMARI;55;APTO;DEFERIDO;NÃO ELEITO;1549
2016;AC;FEIJÓ;PREFEITO;1;7;PP;KIEFER ROBERTO CAVALCANTE LIMA;KIEFER;11;APTO;DEFERIDO;ELEITO;6558
2016;AC;FEIJÓ;PREFEITO;1;7;PT;HAMMERLY DA SILVA ALBUQUERQUE;MÊRLA;13;APTO;DEFERIDO;NÃO ELEITO;4532
2016;AC;FEIJÓ;PREFEITO;1;7;PMDB;PEDRO RODRIGUES CAVALCANTE NETO;PELE CAMPOS;15;APTO;DEFERIDO;NÃO ELEITO;2875
2016;AC;JORDÃO;PREFEITO;1;5;PC do B;ELSON DE LIMA FARIAS;ELSON FARIAS;65;APTO;DEFERIDO;ELEITO;2012
2016;AC;JORDÃO;PREFEITO;1;5;PMDB;ESPERIDIAO MENEZES JUNIOR;ESPERIDIAO MENEZES JÚNIOR;15;APTO;DEFERIDO;NÃO ELEITO;881
2016;AC;JORDÃO;PREFEITO;1;5;PSDB;FRANCISCO TURIANO DE FARIAS FILHO;TURIANO FILHO;45;APTO;DEFERIDO;NÃO ELEITO;753
2016;AC;MÂNCIO LIMA;PREFEITO;1;4;PT;ISAAC DE SOUZA LIMA;ISAAC LIMA;13;APTO;DEFERIDO;ELEITO;5390
2016;AC;MÂNCIO LIMA;PREFEITO;1;4;PP;WILSILENE GADELHA SIQUEIRA;SILENE SIQUEIRA;11;APTO;DEFERIDO;NÃO ELEITO;4024
2016;AC;MÂNCIO LIMA;PREFEITO;1;4;PEN;JOÃO FRANCISCO FERREIRA;JOÃO DE DEUS;51;APTO;DEFERIDO;NÃO ELEITO;152
2016;AC;MANOEL URBANO;PREFEITO;1;3;PMDB;JOSÉ ALTANÍZIO TAUMATURGO SÁ;TANIZO SÁ;15;APTO;DEFERIDO;ELEITO;2167
2016;AC;MANOEL URBANO;PREFEITO;1;3;PT;IZAUTE BARROSO DE SOUZA;IZAUTE BARROSO;13;APTO;DEFERIDO;NÃO ELEITO;1707
2016;AC;MANOEL URBANO;PREFEITO;1;3;PSD;ALDEMAR FERREIRA JUNIOR;PASTOR ALDEMAR;55;APTO;DEFERIDO;NÃO ELEITO;978
2016;AC;MANOEL URBANO;PREFEITO;1;3;PSDC;ANTONIO JOCICLECIO DE SOUZA SILVA;KECIO ALMEIDA;27;APTO;DEFERIDO;NÃO ELEITO;100
2016;AC;MARECHAL THAUMATURGO;PREFEITO;1;4;PMDB;ISAAC DA SILVA PIYÃKO;ISAAC PIYÃKO;15;APTO;DEFERIDO;ELEITO;4094
2016;AC;MARECHAL THAUMATURGO;PREFEITO;1;4;PT;ALDEMIR DA SILVA LOPES;ALDEMIR LOPES;13;APTO;DEFERIDO;NÃO ELEITO;3150
2016;AC;PLÁCIDO DE CASTRO;PREFEITO;1;8;PSDB;GEDEON SOUSA BARROS;GEDEON;45;APTO;DEFERIDO;ELEITO;4864
2016;AC;PLÁCIDO DE CASTRO;PREFEITO;1;8;PC do B;CAMILO DA SILVA;PROFESSOR CAMILO DA SILVA;65;APTO;DEFERIDO;NÃO ELEITO;2953
2016;AC;PLÁCIDO DE CASTRO;PREFEITO;1;8;PR;RONEY DE OLIVEIRA FIRMINO;RONEY FIRMINO;22;APTO;DEFERIDO;NÃO ELEITO;2247
2016;AC;PLÁCIDO DE CASTRO;PREFEITO;1;8;PMN;MARIA SOCORRO SOARES DE OLIVEIRA;SOCORRO FORMIGA;33;APTO;DEFERIDO;NÃO ELEITO;116
2016;AC;PORTO ACRE;PREFEITO;1;10;PROS;BENEDITO CAVALCANTE DAMASCENO;BENÉ DAMASCENO;90;APTO;DEFERIDO;ELEITO;4442
2016;AC;PORTO ACRE;PREFEITO;1;10;PP;DANIEL NOGUEIRA DA SILVA;DANIEL NOGUEIRA;11;APTO;DEFERIDO;NÃO ELEITO;3227
2016;AC;PORTO ACRE;PREFEITO;1;10;PT;JOSE MARIA RODRIGUES;ZÉ MARIA;13;APTO;DEFERIDO;NÃO ELEITO;1154
2016;AC;PORTO ACRE;PREFEITO;1;10;PMDB;ABÍLIO RODRIGUES BARBOSA NETO;ABÍLIO RODRIGUES;15;APTO;DEFERIDO;NÃO ELEITO;970
2016;AC;PORTO WALTER;PREFEITO;1;4;PMDB;JOSÉ ESTEPHAN BARBARY FILHO;ZEZINHO BARBARY;15;APTO;DEFERIDO;ELEITO;3091
2016;AC;PORTO WALTER;PREFEITO;1;4;PT;MARCOS TAVARES DE ALMEIDA;MARCOS TAVARES;13;APTO;DEFERIDO;NÃO ELEITO;1502
2016;AC;RIO BRANCO;PREFEITO;1;9;PT;MARCUS ALEXANDRE MÉDICI AGUIAR VIANA DA SILVA;MARCUS ALEXANDRE;13;APTO;DEFERIDO;ELEITO;39664
2016;AC;RIO BRANCO;PREFEITO;1;10;PT;MARCUS ALEXANDRE MÉDICI AGUIAR VIANA DA SILVA;MARCUS ALEXANDRE;13;APTO;DEFERIDO;ELEITO;33062
2016;AC;RIO BRANCO;PREFEITO;1;1;PT;MARCUS ALEXANDRE MÉDICI AGUIAR VIANA DA SILVA;MARCUS ALEXANDRE;13;APTO;DEFERIDO;ELEITO;31585
2016;AC;RIO BRANCO;PREFEITO;1;9;PMDB;ELIANE PEREIRA SINHASIQUE;ELIANE SINHASIQUE;15;APTO;DEFERIDO;NÃO ELEITO;21327
2016;AC;RIO BRANCO;PREFEITO;1;10;PMDB;ELIANE PEREIRA SINHASIQUE;ELIANE SINHASIQUE;15;APTO;DEFERIDO;NÃO ELEITO;20185
2016;AC;RIO BRANCO;PREFEITO;1;1;PMDB;ELIANE PEREIRA SINHASIQUE;ELIANE SINHASIQUE;15;APTO;DEFERIDO;NÃO ELEITO;19359
2016;AC;RIO BRANCO;PREFEITO;1;9;REDE;CARLOS GOMES DA COSTA SOUZA;CARLOS GOMES;18;APTO;DEFERIDO;NÃO ELEITO;6032
2016;AC;RIO BRANCO;PREFEITO;1;10;REDE;CARLOS GOMES DA COSTA SOUZA;CARLOS GOMES;18;APTO;DEFERIDO;NÃO ELEITO;5726
2016;AC;RIO BRANCO;PREFEITO;1;9;PR;RAIMUNDO VAZ DE AZEVEDO;VAZ;22;APTO;DEFERIDO;NÃO ELEITO;4960
2016;AC;RIO BRANCO;PREFEITO;1;1;REDE;CARLOS GOMES DA COSTA SOUZA;CARLOS GOMES;18;APTO;DEFERIDO;NÃO ELEITO;3977
2016;AC;RIO BRANCO;PREFEITO;1;10;PR;RAIMUNDO VAZ DE AZEVEDO;VAZ;22;APTO;DEFERIDO;NÃO ELEITO;2180
2016;AC;RIO BRANCO;PREFEITO;1;1;PR;RAIMUNDO VAZ DE AZEVEDO;VAZ;22;APTO;DEFERIDO;NÃO ELEITO;2062
2016;AC;RODRIGUES ALVES;PREFEITO;1;4;PMDB;SEBASTIÃO SOUZA CORREIA;SEBASTIÃO CORREIA;15;APTO;DEFERIDO;ELEITO;5007
2016;AC;RODRIGUES ALVES;PREFEITO;1;4;PROS;JOSÉ MARCIO SILVA DE QUEIROZ;MARCIO;90;APTO;DEFERIDO;NÃO ELEITO;3163
2016;AC;RODRIGUES ALVES;PREFEITO;1;4;PSOL;JAILSON EUGENIO DE SOUZA;JAILSON EUGENIO;50;APTO;DEFERIDO;NÃO ELEITO;348
2016;AC;SANTA ROSA DO PURUS;PREFEITO;1;3;PRP;FRANCISCO DE ASSIS FERNANDES DA COSTA;ASSIS MOURA;44;APTO;DEFERIDO;ELEITO;1101
2016;AC;SANTA ROSA DO PURUS;PREFEITO;1;3;PT;EDISEU RIBEIRO VERISSIMO;EDISEU VERISSIMO;13;APTO;DEFERIDO;NÃO ELEITO;731
2016;AC;SANTA ROSA DO PURUS;PREFEITO;1;3;PSD;PAULO LOPES MATEUS KAXINAWÁ;PAULO LOPES;55;APTO;DEFERIDO;NÃO ELEITO;358
2016;AC;SANTA ROSA DO PURUS;PREFEITO;1;3;PP;VALDEMAR RODRIGUES DE MOURA;VALDEMAR MOURA;11;APTO;DEFERIDO;NÃO ELEITO;193
2016;AC;SANTA ROSA DO PURUS;PREFEITO;1;3;PR;RIVELINO DA SILVA MOTA;RIVELINO MOTA;22;APTO;DEFERIDO;NÃO ELEITO;36
2016;AC;SENADOR GUIOMARD;PREFEITO;1;8;PSD;ANDRE LUIS TAVARES DA CRUZ MAIA;ANDRE MAIA;55;APTO;DEFERIDO;ELEITO;4533
2016;AC;SENADOR GUIOMARD;PREFEITO;1;8;PSDB;MARIA RAIMUNDA RODRIGUES PINHEIRO MENEZES;BRANCA MENEZES;45;APTO;DEFERIDO;NÃO ELEITO;4163
2016;AC;SENADOR GUIOMARD;PREFEITO;1;8;PP;JOÃO JORGE SOUZA CATALAN;JORGE CATALAN;11;APTO;DEFERIDO;NÃO ELEITO;3313
2016;AC;SENADOR GUIOMARD;PREFEITO;1;8;PRB;JOSÉ CLAUDINEI RABELO MARTINS;NEY DO MILTÃO;10;APTO;DEFERIDO;NÃO ELEITO;1993
2016;AC;SENA MADUREIRA;PREFEITO;1;3;PMDB;OSMAR SERAFIM DE ANDRADE;MAZINHO SERAFIM;15;APTO;DEFERIDO;ELEITO;7889
2016;AC;SENA MADUREIRA;PREFEITO;1;3;PSDB;ANTONIA FRANÇA DE OLIVEIRA VIEIRA;TOINHA VIEIRA;45;APTO;DEFERIDO;NÃO ELEITO;6986
2016;AC;SENA MADUREIRA;PREFEITO;1;3;PSB;JOSE RAIMUNDO DE SOUZA DA SILVA;MANO RUFINO;40;APTO;DEFERIDO;NÃO ELEITO;4623
2016;AC;SENA MADUREIRA;PREFEITO;1;3;DEM;CARLOS COSTA VALE;CARLOS VALE;25;APTO;DEFERIDO;NÃO ELEITO;911
2016;AC;TARAUACÁ;PREFEITO;1;5;PSD;MARILETE VITORINO DE SIQUEIRA;MARILETE VITORINO;55;APTO;DEFERIDO;ELEITO;8589
2016;AC;TARAUACÁ;PREFEITO;1;5;PT;RODRIGO DAMASCENO CATÃO;RODRIGO DAMASCENO;13;APTO;DEFERIDO;NÃO ELEITO;7572
2016;AC;TARAUACÁ;PREFEITO;1;5;PR;IDERLUCIA TORQUATO DO NASCIMENTO DANIEL;TECA TORQUATO;22;APTO;DEFERIDO;NÃO ELEITO;1742
2016;AC;XAPURI;PREFEITO;1;2;PT;FRANCISCO UBIRACY MACHADO DE VASCONCELOS;BIRA;13;APTO;DEFERIDO;ELEITO;3854
2016;AC;XAPURI;PREFEITO;1;2;DEM;AILSON MAGALHÃES MENDONÇA;AILSON FILHO DO ANTONIO PEDRO;25;APTO;DEFERIDO;NÃO ELEITO;3061
2016;AC;XAPURI;PREFEITO;1;2;PMDB;ERIVELTON SOARES DA CRUZ;ERIVELTON;15;APTO;DEFERIDO;NÃO ELEITO;1862
2016;AC;XAPURI;PREFEITO;1;2;PROS;VANDERLEY VIANA DE LIMA;VANDERLEY VIANA;90;APTO;DEFERIDO;NÃO ELEITO;535
2012;AC;ACRELÂNDIA;PREFEITO;1;8;DEM;JONAS DALES DA COSTA SILVA;JONAS DA FARMACIA;25;APTO;DEFERIDO;ELEITO;2521
2012;AC;ACRELÂNDIA;PREFEITO;1;8;PT;AGRECINO DE SOUSA;GRESSO;13;APTO;DEFERIDO;NÃO ELEITO;2334
2012;AC;ACRELÂNDIA;PREFEITO;1;8;PTN;FRANCISCA SILVA DE MOURA LIMA;FRANCISCA BASILIO;19;APTO;DEFERIDO;NÃO ELEITO;1307
2012;AC;ACRELÂNDIA;PREFEITO;1;8;PP;DERMIVAL VILAS BOAS STAUT;DERMIVAL VILAS BOAS STAUT;11;APTO;DEFERIDO;NÃO ELEITO;704
2012;AC;ACRELÂNDIA;PREFEITO;1;8;PSD;MARIA DO SOCORRO DE OLIVEIRA LIMA;SOCORRO LIMA;55;APTO;DEFERIDO;NÃO ELEITO;382
2012;AC;ASSIS BRASIL;PREFEITO;1;6;PSDB;HUMBERTO GONÇALVES FILHO;DR. BETINHO;45;APTO;DEFERIDO;ELEITO;2527
2012;AC;ASSIS BRASIL;PREFEITO;1;6;PT;MARIA ELIANE GADELHA CARIUS;ELIANE GADELHA;13;APTO;DEFERIDO;NÃO ELEITO;1723
2012;AC;BRASILÉIA;PREFEITO;1;6;PMDB;EVERALDO GOMES PEREIRA DA SILVA;EVERALDO;15;APTO;DEFERIDO;ELEITO;6090
2012;AC;BRASILÉIA;PREFEITO;1;6;PT;JOSE ALVANI LOPES;ALVANI;13;APTO;DEFERIDO;NÃO ELEITO;5561
2012;AC;BRASILÉIA;PREFEITO;1;6;PSDB;EMERSON LEÃO PEREIRA DA SILVA;EMERSON LEÃO;45;APTO;DEFERIDO;NÃO ELEITO;845
2012;AC;BRASILÉIA;PREFEITO;1;6;PSDC;JOSE MESSIAS RIBEIRO;MESSIAS RIBEIRO;27;APTO;DEFERIDO;NÃO ELEITO;420
2012;AC;BUJARI;PREFEITO;1;9;PT;ANTONIO RAIMUNDO DE BRITO RAMOS;TONHEIRO;13;APTO;DEFERIDO;ELEITO;2005
2012;AC;BUJARI;PREFEITO;1;9;PP;MARIA ZILMAR DA ROCHA PAIVA;ZILMAR;11;APTO;DEFERIDO;NÃO ELEITO;1478
2012;AC;BUJARI;PREFEITO;1;9;PSB;JOÃO EDVALDO TELES DE LIMA;PADEIRO;40;APTO;DEFERIDO;NÃO ELEITO;1347
2012;AC;BUJARI;PREFEITO;1;9;PSC;OSVALDO DA SILVA LOIOLA;PASTOR OSVALDO;20;APTO;DEFERIDO;NÃO ELEITO;492
2012;AC;BUJARI;PREFEITO;1;9;PSDB;MARIELDO ALVES DE ARAUJO;MARIELDO;45;APTO;DEFERIDO;NÃO ELEITO;356
2012;AC;CAPIXABA;PREFEITO;1;8;PC do B;OTAVIO GUIMARAES VARÊDA;VAREDA;65;APTO;DEFERIDO;ELEITO;2007
2012;AC;CAPIXABA;PREFEITO;1;8;PP;JOSE AUGUSTO GOMES DA CUNHA;ZE AUGUSTO;11;APTO;DEFERIDO;NÃO ELEITO;1401
2012;AC;CAPIXABA;PREFEITO;1;8;PTB;RAIMUNDO GADELHA OLEGARIO;DOMINGOS;14;APTO;DEFERIDO;NÃO ELEITO;1154
2012;AC;CAPIXABA;PREFEITO;1;8;PSDB;NELSON MACHADO;MACHADO;45;APTO;DEFERIDO;NÃO ELEITO;1058
2012;AC;CAPIXABA;PREFEITO;1;8;PMN;FRANCISCA LEIDA ARAUJO DA COSTA;LEIDA;33;APTO;DEFERIDO;NÃO ELEITO;162
2012;AC;CRUZEIRO DO SUL;PREFEITO;1;4;PMDB;VAGNER JOSE SALES;VAGNER SALES;15;APTO;DEFERIDO;ELEITO;18840
2012;AC;CRUZEIRO DO SUL;PREFEITO;1;4;PV;HENRIQUE AFONSO SOARES DE LIMA;HENRIQUE AFONSO;43;APTO;DEFERIDO;NÃO ELEITO;16658
2012;AC;EPITACIOLÂNDIA;PREFEITO;1;6;PSDB;ANDRE LUIZ PEREIRA HASSEM;ANDRE HASSEM;45;APTO;DEFERIDO;ELEITO;3180
2012;AC;EPITACIOLÂNDIA;PREFEITO;1;6;PT;MARCOS FERNANDO SILVA;MARCOS FERNANDO;13;APTO;DEFERIDO;NÃO ELEITO;2373
2012;AC;EPITACIOLÂNDIA;PREFEITO;1;6;PSB;JOAO SEBASTIAO FLORES DA SILVA;TIAO FLORES;40;APTO;DEFERIDO;NÃO ELEITO;2016
2012;AC;EPITACIOLÂNDIA;PREFEITO;1;6;PSD;WAGNER DAVID DA SILVA RODRIGUES;DAVI;55;APTO;DEFERIDO;NÃO ELEITO;359
2012;AC;FEIJÓ;PREFEITO;1;7;PT;HAMMERLY DA SILVA ALBUQUERQUE;MÊRLA;13;APTO;DEFERIDO;ELEITO;5993
2012;AC;FEIJÓ;PREFEITO;1;7;PP;KIEFER ROBERTO CAVALCANTE LIMA;KIEFER;11;APTO;DEFERIDO;NÃO ELEITO;3435
2012;AC;FEIJÓ;PREFEITO;1;7;PSDB;RAIMUNDO FERREIRA PINHEIRO;DINDIM;45;APTO;DEFERIDO;NÃO ELEITO;3368
2012;AC;FEIJÓ;PREFEITO;1;7;PV;CARLOS ALBERTO NOGUEIRA;CARLOS DO BASA;43;APTO;DEFERIDO;NÃO ELEITO;471
2012;AC;JORDÃO;PREFEITO;1;5;PC do B;ELSON DE LIMA FARIAS;ELSON FARIAS;65;APTO;DEFERIDO;ELEITO;1585
2012;AC;JORDÃO;PREFEITO;1;5;PMDB;ESPERIDIÃO MENEZES JUNIOR;JUNIOR;15;APTO;DEFERIDO;NÃO ELEITO;1178
2012;AC;JORDÃO;PREFEITO;1;5;PSDB;FRANCISCO TURIANO DE FARIAS FILHO;TURIANO FILHO;45;APTO;DEFERIDO;NÃO ELEITO;492
2012;AC;MÂNCIO LIMA;PREFEITO;1;4;PMDB;CLEIDISON DE JESUS ROCHA;CLEIDISON ROCHA;15;APTO;DEFERIDO;ELEITO;3149
2012;AC;MÂNCIO LIMA;PREFEITO;1;4;PT;ISAAC DE SOUZA LIMA;ISAAC LIMA;13;APTO;DEFERIDO;NÃO ELEITO;3104
2012;AC;MÂNCIO LIMA;PREFEITO;1;4;PP;LUIZ HELOSMAN DE FIGUEIREDO;DR. LUIZ;11;APTO;DEFERIDO;NÃO ELEITO;2185
2012;AC;MANOEL URBANO;PREFEITO;1;3;DEM;ALE ANUTE SILVA;ALE ARAÚJO;25;APTO;DEFERIDO;ELEITO;1876
2012;AC;MANOEL URBANO;PREFEITO;1;3;PSB;FRANCISCO SEBASTIÃO MENDES;CHICO MENDES;40;APTO;DEFERIDO;NÃO ELEITO;1547
2012;AC;MANOEL URBANO;PREFEITO;1;3;PRP;JOSE ALTANIZIO TAUMATURGO SÁ;TANIZIO;44;APTO;DEFERIDO;NÃO ELEITO;1230
2012;AC;MARECHAL THAUMATURGO;PREFEITO;1;4;PT;ALDEMIR DA SILVA LOPES;ALDEMIR LOPES;13;APTO;DEFERIDO;ELEITO;4095
2012;AC;MARECHAL THAUMATURGO;PREFEITO;1;4;PSDB;MAURICIO JOSÉ DA SILVA PRAXEDES;MAURICIO PRAXEDES;45;APTO;DEFERIDO;NÃO ELEITO;2062
2012;AC;MARECHAL THAUMATURGO;PREFEITO;1;4;PPS;ATILON PINHEIRO DE AZEVEDO;ATILON PINHEIRO;23;APTO;DEFERIDO;NÃO ELEITO;563
2012;AC;PLÁCIDO DE CASTRO;PREFEITO;1;8;PSB;RONEY DE OLIVEIRA FIRMINO;DR. RONEY;40;APTO;DEFERIDO;ELEITO;5772
2012;AC;PLÁCIDO DE CASTRO;PREFEITO;1;8;PSDB;GEDEON SOUSA BARROS;GEDEON;45;APTO;DEFERIDO;NÃO ELEITO;4338
2012;AC;PORTO ACRE;PREFEITO;1;10;PSDB;ANTONIO CARLOS FERREIRA PORTELA;CARLINHOS DA SAÚDE;45;APTO;DEFERIDO;ELEITO;4698
2012;AC;PORTO ACRE;PREFEITO;1;10;PT;JOSÉ MARIA RODRIGUES;ZÉ MARIA;13;APTO;DEFERIDO;NÃO ELEITO;3084
2012;AC;PORTO ACRE;PREFEITO;1;10;PMDB;BENEDITO CAVALCANTE DAMASCENO;BENÉ;15;APTO;DEFERIDO;NÃO ELEITO;1760
2012;AC;PORTO WALTER;PREFEITO;1;4;PMDB;JOSE ESTEPHAN BARBARY FILHO;ZEZINHO BARBARY;15;APTO;DEFERIDO;ELEITO;2818
2012;AC;PORTO WALTER;PREFEITO;1;4;PT;JOSÉ NOGUEIRA DA CRUZ;ANCHIETA;13;APTO;DEFERIDO;NÃO ELEITO;1628
2012;AC;RIO BRANCO;PREFEITO;1;9;PT;MARCUS ALEXANDRE MEDICI AGUIAR;MARCUS ALEXANDRE;13;APTO;DEFERIDO;2º TURNO;32417
2012;AC;RIO BRANCO;PREFEITO;1;9;PSDB;SEBASTIÃO BOCALOM RODRIGUES;TIÃO BOCALOM;45;APTO;DEFERIDO;2º TURNO;28227
2012;AC;RIO BRANCO;PREFEITO;1;10;PT;MARCUS ALEXANDRE MEDICI AGUIAR;MARCUS ALEXANDRE;13;APTO;DEFERIDO;2º TURNO;27547
2012;AC;RIO BRANCO;PREFEITO;1;1;PT;MARCUS ALEXANDRE MEDICI AGUIAR;MARCUS ALEXANDRE;13;APTO;DEFERIDO;2º TURNO;25318
2012;AC;RIO BRANCO;PREFEITO;1;1;PSDB;SEBASTIÃO BOCALOM RODRIGUES;TIÃO BOCALOM;45;APTO;DEFERIDO;2º TURNO;24935
2012;AC;RIO BRANCO;PREFEITO;1;10;PSDB;SEBASTIÃO BOCALOM RODRIGUES;TIÃO BOCALOM;45;APTO;DEFERIDO;2º TURNO;24255
2012;AC;RIO BRANCO;PREFEITO;1;9;PMDB;FERNANDO MELO DA COSTA;FERNANDO MELO;15;APTO;DEFERIDO;NÃO ELEITO;2893
2012;AC;RIO BRANCO;PREFEITO;1;1;PMDB;FERNANDO MELO DA COSTA;FERNANDO MELO;15;APTO;DEFERIDO;NÃO ELEITO;2721
2012;AC;RIO BRANCO;PREFEITO;1;10;PMDB;FERNANDO MELO DA COSTA;FERNANDO MELO;15;APTO;DEFERIDO;NÃO ELEITO;2719
2012;AC;RIO BRANCO;PREFEITO;1;9;PSC;ANTONIA LUCILEIA CRUZ RAMOS CAMARA;ANTONIA LUCIA;20;APTO;DEFERIDO COM RECURSO;NÃO ELEITO;1227
2012;AC;RIO BRANCO;PREFEITO;1;1;PSC;ANTONIA LUCILEIA CRUZ RAMOS CAMARA;ANTONIA LUCIA;20;APTO;DEFERIDO COM RECURSO;NÃO ELEITO;1206
2012;AC;RIO BRANCO;PREFEITO;1;10;PSC;ANTONIA LUCILEIA CRUZ RAMOS CAMARA;ANTONIA LUCIA;20;APTO;DEFERIDO COM RECURSO;NÃO ELEITO;957
2012;AC;RIO BRANCO;PREFEITO;1;9;PMN;LEÔNCIO TEMOTEO DE CASTRO;LEÔNCIO CASTRO;33;APTO;DEFERIDO;NÃO ELEITO;404
2012;AC;RIO BRANCO;PREFEITO;1;9;PSOL;MARIA PEREGRINA SOUZA E SILVA;PROFESSORA PEREGRINA;50;APTO;DEFERIDO;NÃO ELEITO;397
2012;AC;RIO BRANCO;PREFEITO;1;10;PMN;LEÔNCIO TEMOTEO DE CASTRO;LEÔNCIO CASTRO;33;APTO;DEFERIDO;NÃO ELEITO;366
2012;AC;RIO BRANCO;PREFEITO;1;10;PSOL;MARIA PEREGRINA SOUZA E SILVA;PROFESSORA PEREGRINA;50;APTO;DEFERIDO;NÃO ELEITO;343
2012;AC;RIO BRANCO;PREFEITO;1;1;PMN;LEÔNCIO TEMOTEO DE CASTRO;LEÔNCIO CASTRO;33;APTO;DEFERIDO;NÃO ELEITO;330
2012;AC;RIO BRANCO;PREFEITO;1;1;PSOL;MARIA PEREGRINA SOUZA E SILVA;PROFESSORA PEREGRINA;50;APTO;DEFERIDO;NÃO ELEITO;306
2012;AC;RODRIGUES ALVES;PREFEITO;1;4;PT;FRANCISCO ERNILSON DE FREITAS;BURICA;13;APTO;DEFERIDO;ELEITO;2529
2012;AC;RODRIGUES ALVES;PREFEITO;1;4;PMDB;SEBASTIAO SOUZA CORREIA;SEBASTIAO;15;APTO;DEFERIDO;NÃO ELEITO;2220
2012;AC;RODRIGUES ALVES;PREFEITO;1;4;PP;FRANCISCO VAGNER DE SANTANA AMORIM;DEDA;11;APTO;INDEFERIDO COM RECURSO;NÃO ELEITO;0
2012;AC;SANTA ROSA DO PURUS;PREFEITO;1;3;PSDB;RIVELINO DA SILVA MOTA;RIVELINO MOTA;45;APTO;DEFERIDO;ELEITO;1088
2012;AC;SANTA ROSA DO PURUS;PREFEITO;1;3;PT;JOSÉ BRASIL BARBOSA DA SILVA;ZÉ BRASIL;13;APTO;DEFERIDO;NÃO ELEITO;1005
2012;AC;SENADOR GUIOMARD;PREFEITO;1;8;PSDB;JAMES PEREIRA DA SILVA;JAMES GOMES;45;APTO;DEFERIDO;ELEITO;6191
2012;AC;SENADOR GUIOMARD;PREFEITO;1;8;PT;ANDRE LUIS TAVARES DA CRUZ MAIA;ANDRE MAIA;13;APTO;DEFERIDO;NÃO ELEITO;5365
2012;AC;SENADOR GUIOMARD;PREFEITO;1;8;PMN;SOLANGE MARIA PINHO PASCOAL;SOLANGE PASCOAL;33;APTO;DEFERIDO;NÃO ELEITO;1861
2012;AC;SENA MADUREIRA;PREFEITO;1;3;PR;JOSÉ RAIMUNDO DE SOUZA DA SILVA;MANO RUFINO;22;APTO;DEFERIDO;ELEITO;9413
2012;AC;SENA MADUREIRA;PREFEITO;1;3;PSDB;ANTONIA FRANÇA DE OLIVEIRA VIEIRA;TOINHA VIEIRA;45;APTO;DEFERIDO;NÃO ELEITO;6817
2012;AC;SENA MADUREIRA;PREFEITO;1;3;PMDB;OSMAR SERAFIM DE ANDRADE;MAZINHO SERAFIM;15;APTO;DEFERIDO;NÃO ELEITO;3104
2012;AC;TARAUACÁ;PREFEITO;1;5;PT;RODRIGO DAMASCENO CATÃO;DR. RODRIGO;13;APTO;DEFERIDO;ELEITO;8299
2012;AC;TARAUACÁ;PREFEITO;1;5;PSD;MARILETE VITORINO DE SIQUEIRA;MARILETE VITORINO;55;APTO;DEFERIDO;NÃO ELEITO;7890
2012;AC;XAPURI;PREFEITO;1;2;PSDB;MARCIO PEREIRA MIRANDA;MARCINHO MIRANDA;45;APTO;DEFERIDO;ELEITO;4203
2012;AC;XAPURI;PREFEITO;1;2;PT;FRANCISCO UBIRACY MACHADO DE VASCONCELOS;BIRA;13;APTO;DEFERIDO;NÃO ELEITO;3610
2012;AC;XAPURI;PREFEITO;1;2;PSB;WAGNER SOARES DE MENESES;WAGNER MENEZES;40;APTO;DEFERIDO;NÃO ELEITO;783
2012;AC;XAPURI;PREFEITO;1;2;PV;JOÃO JORGE COSMO DA SILVA;JOÃO JORGE;43;APTO;DEFERIDO;NÃO ELEITO;171
2008;AC;ACRELÂNDIA;PREFEITO;1;8;PP;VILSEU FERREIRA DA SILVA;VILSEU FERREIRA;11;APTO;DEFERIDO;ELEITO;3507
2008;AC;ACRELÂNDIA;PREFEITO;1;8;PSB;CARLOS CÉSAR NUNES DE ARAÚJO;CARLINHOS;40;APTO;DEFERIDO;NÃO ELEITO;3433
2008;AC;ACRELÂNDIA;PREFEITO;1;8;PMDB;JOSÉ DONISETE DE MELO;PROFESSOR DONISETE;15;APTO;DEFERIDO;NÃO ELEITO;280
2008;AC;ASSIS BRASIL;PREFEITO;1;6;PT;MARIA ELIANE GADELHA CARIUS;ELIANE;13;APTO;DEFERIDO;ELEITO;1798
2008;AC;ASSIS BRASIL;PREFEITO;1;6;PSDB;HUMBERTO GONÇALVES FILHO;DR. BETINHO;45;APTO;DEFERIDO;NÃO ELEITO;1271
2008;AC;BRASILÉIA;PREFEITO;1;6;PT;ANA LEILA GALVÄO MAIA MOREIRA;LEILA GALVÄO;13;APTO;DEFERIDO;ELEITO;7345
2008;AC;BRASILÉIA;PREFEITO;1;6;PMDB;ALDEMIR LOPES DA SILVA;ALDEMIR LOPES;15;APTO;DEFERIDO;NÃO ELEITO;3520
2008;AC;BRASILÉIA;PREFEITO;1;6;PSOL;MARCOS JOSE FILHO;MARQUINHO;50;APTO;DEFERIDO;NÃO ELEITO;365
2008;AC;BUJARI;PREFEITO;1;9;PMDB;JOÃO EDVALDO TELES DE LIMA;PADEIRO;15;APTO;DEFERIDO;ELEITO;2894
2008;AC;BUJARI;PREFEITO;1;9;PT;MICHEL MARQUES ABRAHÃO;MICHEL MARQUES;13;APTO;DEFERIDO;NÃO ELEITO;2546
2008;AC;CAPIXABA;PREFEITO;1;8;PT;JOAIS DA SILVA DOS SANTOS;JOAIS;13;APTO;DEFERIDO;ELEITO;2947
2008;AC;CAPIXABA;PREFEITO;1;8;PMDB;OTAVIO GUIMARÃES VARÊDA;VARÊDA;15;APTO;DEFERIDO;NÃO ELEITO;2000
2008;AC;CRUZEIRO DO SUL;PREFEITO;1;4;PMDB;VAGNER JOSE SALES;VAGNER SALES;15;APTO;DEFERIDO;ELEITO;15412
2008;AC;CRUZEIRO DO SUL;PREFEITO;1;4;PP;FRANCISCO SOUZA DOS SANTOS;ZINHO;11;APTO;DEFERIDO;NÃO ELEITO;12957
2008;AC;CRUZEIRO DO SUL;PREFEITO;1;4;PTB;MARIA ZILA FROTA BEZERRA DE OLIVEIRA;ZILA BEZERRA;14;APTO;DEFERIDO;NÃO ELEITO;2759
2008;AC;CRUZEIRO DO SUL;PREFEITO;1;4;PPS;ILDERLEI SOUZA RODRIGUES CORDEIRO;ILDERLEI CORDEIRO;23;APTO;DEFERIDO;NÃO ELEITO;1074
2008;AC;EPITACIOLÂNDIA;PREFEITO;1;6;PSB;JOSE RONALDO PESSOA PEREIRA;ZÉ RONALDO;40;APTO;DEFERIDO;ELEITO;2424
2008;AC;EPITACIOLÂNDIA;PREFEITO;1;6;PTC;ANDRÉ LUIZ PEREIRA HASSEM;ANDRÉ HASSEM;36;APTO;DEFERIDO;NÃO ELEITO;1971
2008;AC;EPITACIOLÂNDIA;PREFEITO;1;6;PT;MARCOS FERNANDO SILVA;MARCOS FERNANDO;13;APTO;DEFERIDO;NÃO ELEITO;1881
2008;AC;EPITACIOLÂNDIA;PREFEITO;1;6;PSDB;ANTONIO TORRES DE LIMA;TORRES;45;APTO;DEFERIDO;NÃO ELEITO;767
2008;AC;FEIJÓ;PREFEITO;1;7;PSDB;RAIMUNDO FERREIRA PINHEIRO;DINDIN;45;APTO;DEFERIDO;ELEITO;5788
2008;AC;FEIJÓ;PREFEITO;1;7;PT;JOSÉ JUAREZ LEITÃO DOS SANTOS;JUAREZ LEITÃO;13;APTO;DEFERIDO;ELEITO;5746
2008;AC;FEIJÓ;PREFEITO;1;7;PSDB;RAIMUNDO FERREIRA PINHEIRO;DINDIN;45;APTO;DEFERIDO;NÃO ELEITO;5655
2008;AC;FEIJÓ;PREFEITO;1;7;PT;JACIARA DE SOUSA RODRIGUES;JACIARA;13;APTO;DEFERIDO;NÃO ELEITO;4820
2008;AC;JORDÃO;PREFEITO;1;5;PT;HILARIO DE HOLANDA MELO;MELO;13;APTO;DEFERIDO;ELEITO;1674
2008;AC;JORDÃO;PREFEITO;1;5;PMDB;ESPERIDIÃO MENEZES JÚNIOR;ESPERIDIÃO MENEZES JÚNIOR;15;APTO;DEFERIDO;NÃO ELEITO;1093
2008;AC;MÂNCIO LIMA;PREFEITO;1;4;PMDB;CLEIDSON DE JESUS ROCHA;CLEIDSON ROCHA;15;APTO;DEFERIDO;ELEITO;4873
2008;AC;MÂNCIO LIMA;PREFEITO;1;4;PP;JOSÉ COUTINHO RAMOS FILHO;COUTINHO;11;APTO;DEFERIDO;NÃO ELEITO;2492
2008;AC;MÂNCIO LIMA;PREFEITO;1;4;PSDB;JOÃO FRANCISCO FERREIRA;JOÃO DE DEUS;45;APTO;DEFERIDO;NÃO ELEITO;269
2008;AC;MANOEL URBANO;PREFEITO;1;3;PP;MANOEL DA SILVA ALMEIDA;MANOEL ALMEIDA;11;APTO;DEFERIDO;ELEITO;1349
2008;AC;MANOEL URBANO;PREFEITO;1;3;PT;JOSÉ ALTANIZIO TAUMATURGO SÁ;TANIZIO SÁ;13;APTO;DEFERIDO;NÃO ELEITO;1160
2008;AC;MANOEL URBANO;PREFEITO;1;3;DEM;ALE ANUTE SILVA;ALE ARAUJO;25;APTO;DEFERIDO;NÃO ELEITO;973
2008;AC;MANOEL URBANO;PREFEITO;1;3;PSOL;ELIO FERREIRA DA SILVA;ELIO FERREIRA;50;APTO;DEFERIDO;NÃO ELEITO;175
2008;AC;MARECHAL THAUMATURGO;PREFEITO;1;4;PMDB;RANDSON OLIVEIRA ALMEIDA;RANDINHO;15;APTO;DEFERIDO;ELEITO;3009
2008;AC;MARECHAL THAUMATURGO;PREFEITO;1;4;PT;ALDEMIR DA SILVA LOPES;ALDEMIR LOPES;13;APTO;DEFERIDO;NÃO ELEITO;2478
2008;AC;PLÁCIDO DE CASTRO;PREFEITO;1;8;PT;PAULO CESAR DA SILVA;PAULINHO ALMEIDA;13;APTO;DEFERIDO;ELEITO;4361
2008;AC;PLÁCIDO DE CASTRO;PREFEITO;1;8;PMN;RONEY DE OLIVEIRA FIRMINO;DOUTOR RONEY;33;APTO;DEFERIDO;NÃO ELEITO;4289
2008;AC;PLÁCIDO DE CASTRO;PREFEITO;1;8;PP;FRANCISCO DAS CHAGAS FERREIRA HOLANDA;HOLANDA;11;APTO;DEFERIDO;NÃO ELEITO;629
2008;AC;PORTO ACRE;PREFEITO;1;10;PT;JOSE MARIA RODRIGUES;ZE MARIA;13;APTO;DEFERIDO;ELEITO;2408
2008;AC;PORTO ACRE;PREFEITO;1;10;PSOL;ANTONIO CARLOS FERREIRA PORTELA;CARLINHOS DA SAUDE;50;APTO;DEFERIDO;NÃO ELEITO;2288
2008;AC;PORTO ACRE;PREFEITO;1;10;PP;BENEDITO CAVALCANTE DAMASCENO;BENÉ DAMASCENO;11;APTO;DEFERIDO;NÃO ELEITO;1497
2008;AC;PORTO ACRE;PREFEITO;1;10;PMDB;FRANCISCO ALVES RABELO;RABELO;15;APTO;DEFERIDO;NÃO ELEITO;937
2008;AC;PORTO ACRE;PREFEITO;1;10;PSL;MANOEL FELICIANO PEREIRA DA SILVA;FELICIANO;17;APTO;DEFERIDO;NÃO ELEITO;595
2008;AC;PORTO ACRE;PREFEITO;1;10;PTC;JOÃO BATISTA GOMES ASFURI;JOÃO ASFURI;36;APTO;DEFERIDO;NÃO ELEITO;114
2008;AC;PORTO WALTER;PREFEITO;1;4;PT;NEUZARI CORREIA PINHEIRO;NEUZARI;13;APTO;DEFERIDO;ELEITO;1869
2008;AC;PORTO WALTER;PREFEITO;1;4;PMDB;VANDERLEY MESSIAS SALES;VANDERLEY SALES;15;APTO;DEFERIDO;NÃO ELEITO;1785
2008;AC;PORTO WALTER;PREFEITO;1;4;PSOL;JOSÉ MARIA DIAS DA FONSECA;ZÉ MARIA DELEGADO;50;APTO;DEFERIDO;NÃO ELEITO;215
2008;AC;RIO BRANCO;PREFEITO;1;9;PT;RAIMUNDO ANGELIM VASCONCELOS;ANGELIM;13;APTO;DEFERIDO;ELEITO;30604
2008;AC;RIO BRANCO;PREFEITO;1;10;PT;RAIMUNDO ANGELIM VASCONCELOS;ANGELIM;13;APTO;DEFERIDO;ELEITO;25709
2008;AC;RIO BRANCO;PREFEITO;1;1;PT;RAIMUNDO ANGELIM VASCONCELOS;ANGELIM;13;APTO;DEFERIDO;ELEITO;23709
2008;AC;RIO BRANCO;PREFEITO;1;1;PMN;SÉRGIO DE OLIVEIRA CUNHA;PETECÃO;33;APTO;DEFERIDO;NÃO ELEITO;15985
2008;AC;RIO BRANCO;PREFEITO;1;9;PMN;SÉRGIO DE OLIVEIRA CUNHA;PETECÃO;33;APTO;DEFERIDO;NÃO ELEITO;13096
2008;AC;RIO BRANCO;PREFEITO;1;9;PSDB;SEBASTIÃO BOCALOM RODRIGUES;TIÃO BOCALOM;45;APTO;DEFERIDO;NÃO ELEITO;12495
2008;AC;RIO BRANCO;PREFEITO;1;10;PSDB;SEBASTIÃO BOCALOM RODRIGUES;TIÃO BOCALOM;45;APTO;DEFERIDO;NÃO ELEITO;11566
2008;AC;RIO BRANCO;PREFEITO;1;10;PMN;SÉRGIO DE OLIVEIRA CUNHA;PETECÃO;33;APTO;DEFERIDO;NÃO ELEITO;11223
2008;AC;RIO BRANCO;PREFEITO;1;1;PSDB;SEBASTIÃO BOCALOM RODRIGUES;TIÃO BOCALOM;45;APTO;DEFERIDO;NÃO ELEITO;11116
2008;AC;RIO BRANCO;PREFEITO;1;10;PSOL;ANTONIO DA CRUZ DA ROCHA ALVES;ANTONIO ROCHA;50;APTO;DEFERIDO;NÃO ELEITO;711
2008;AC;RIO BRANCO;PREFEITO;1;9;PSOL;ANTONIO DA CRUZ DA ROCHA ALVES;ANTONIO ROCHA;50;APTO;DEFERIDO;NÃO ELEITO;655
2008;AC;RIO BRANCO;PREFEITO;1;1;PSOL;ANTONIO DA CRUZ DA ROCHA ALVES;ANTONIO ROCHA;50;APTO;DEFERIDO;NÃO ELEITO;580
2008;AC;RODRIGUES ALVES;PREFEITO;1;4;PT;FRANCISCO ERNILSON DE FREITAS;BURICA;13;APTO;DEFERIDO;ELEITO;2280
2008;AC;RODRIGUES ALVES;PREFEITO;1;4;PP;FRANCISCO CLEMILDO DE OLIVEIRA MATOS;MIDO;11;APTO;DEFERIDO;NÃO ELEITO;2110
2008;AC;RODRIGUES ALVES;PREFEITO;1;4;PMDB;SEBASTIAO SOUZA CORREIA;SEBASTIAO CORREIA;15;APTO;DEFERIDO;NÃO ELEITO;1978
2008;AC;SANTA ROSA DO PURUS;PREFEITO;1;3;PT;JOSÉ BRASIL BARBOSA DA SILVA;ZÉ BRASIL;13;APTO;DEFERIDO;ELEITO;671
2008;AC;SANTA ROSA DO PURUS;PREFEITO;1;3;PPS;RIVELINO DA SILVA MOTA;RIVELINO MOTA;23;APTO;DEFERIDO;NÃO ELEITO;505
2008;AC;SANTA ROSA DO PURUS;PREFEITO;1;3;PR;JOSE PAULO SAMPAIO;ZE PAULO;22;APTO;DEFERIDO;NÃO ELEITO;251
2008;AC;SENADOR GUIOMARD;PREFEITO;1;8;PSDB;JAMES PEREIRA DA SILVA;JAMES GOMES;45;APTO;DEFERIDO;ELEITO;7031
2008;AC;SENADOR GUIOMARD;PREFEITO;1;8;PR;CARLOS CELSO MEDEIROS RIBEIRO;CELSO RIBEIRO;22;APTO;DEFERIDO;NÃO ELEITO;4607
2008;AC;SENA MADUREIRA;PREFEITO;1;3;PR;NILSON ROBERTO AREAL DE ALMEIDA;NILSON AREAL;22;APTO;DEFERIDO;ELEITO;9555
2008;AC;SENA MADUREIRA;PREFEITO;1;3;PSDB;ANTONIA FRANÇA DE OLIVEIRA VIEIRA;TOINHA VIEIRA;45;APTO;DEFERIDO;NÃO ELEITO;8229
2008;AC;TARAUACÁ;PREFEITO;1;5;PP;ERISVANDO TORQUATO DO NASCIMENTO;VANDO TORQUATO;11;APTO;DEFERIDO;ELEITO;7351
2008;AC;TARAUACÁ;PREFEITO;1;5;PC do B;FRANCISCO DAS CHAGAS BATISTA LOPES;BATISTA;65;APTO;DEFERIDO;NÃO ELEITO;7038
2008;AC;XAPURI;PREFEITO;1;2;PT;FRANCISCO UBIRACY MACHADO DE VASCONCELOS;BIRA;13;APTO;DEFERIDO;ELEITO;2977
2008;AC;XAPURI;PREFEITO;1;2;PSDB;MARCIO PEREIRA MIRANDA;MARCINHO MIRANDA;45;APTO;DEFERIDO;NÃO ELEITO;2405
2008;AC;XAPURI;PREFEITO;1;2;PSB;MANOEL MORAES DE SALES;MANOEL MORAES;40;APTO;DEFERIDO;NÃO ELEITO;1667
2008;AC;XAPURI;PREFEITO;1;2;PPS;VANDERLEY VIANA DE LIMA;VANDERLEY VIANA;23;APTO;DEFERIDO;NÃO ELEITO;1030
2004;AC;ACRELANDIA;PREFEITO;1;8;PSDB;SEBASTIÃO BOCALOM RODRIGUES;TIÃO BOCALOM;45;;DEFERIDO;ELEITO;2173
2004;AC;ACRELANDIA;PREFEITO;1;8;PTB;PAULO CÉSAR FERREIRA DE ARAUJO;PAULINHO;14;;DEFERIDO;NÃO ELEITO;2060
2004;AC;ACRELANDIA;PREFEITO;1;8;PT;JOÃO DE ALMEIDA;JANGO;13;;DEFERIDO;NÃO ELEITO;1090
2004;AC;ASSIS BRASIL;PREFEITO;1;6;PT;MANOEL BATISTA DE ARAÚJO;MANOEL;13;;DEFERIDO;ELEITO;1675
2004;AC;ASSIS BRASIL;PREFEITO;1;6;PPS;ANTONIO BARBOSA DE SOUSA;ZUM;23;;DEFERIDO;NÃO ELEITO;1369
2004;AC;BRASILEIA;PREFEITO;1;6;PT;ANA LEILA GALVÃO MAIA MOREIRA;LEILA GALVÃO;13;;DEFERIDO;ELEITO;5592
2004;AC;BRASILEIA;PREFEITO;1;6;PMDB;ALDEMIR LOPES DA SILVA;ALDEMIR LOPES;15;;DEFERIDO;NÃO ELEITO;4339
2004;AC;BUJARI;PREFEITO;1;9;PT;MICHEL MARQUES ABRAHÃO;MICHEL;13;;DEFERIDO;ELEITO;1794
2004;AC;BUJARI;PREFEITO;1;9;PMDB;MANOEL FERREIRA GOMES;MANOEL;15;;DEFERIDO;NÃO ELEITO;1194
2004;AC;BUJARI;PREFEITO;1;9;PSDC;ANTONIO MATIAS DA COSTA FILHO;TOINHO;27;;DEFERIDO;NÃO ELEITO;939
2004;AC;CAPIXABA;PREFEITO;1;8;PTB;JOAIS DA SILVA DOS SANTOS;JOAIS;14;;DEFERIDO;ELEITO;1155
2004;AC;CAPIXABA;PREFEITO;1;8;PC do B;AURISTÉLIO DE CARVALHO FERREIRA;VAQUEIRO;65;;DEFERIDO;NÃO ELEITO;975
2004;AC;CAPIXABA;PREFEITO;1;8;PPS;CARLOS SERGIO AZEVEDO DE SOUZA;TITO;23;;DEFERIDO;NÃO ELEITO;879
2004;AC;CAPIXABA;PREFEITO;1;8;PSDB;JOSIMAR GADELHA OLEGARIO;MAZINHO;45;;DEFERIDO;NÃO ELEITO;634
2004;AC;CRUZEIRO DO SUL;PREFEITO;1;4;PTB;MARIA ZILA FROTA BEZERRA DE OLIVEIRA;ZILA BEZERRA;14;;DEFERIDO;ELEITO;20120
2004;AC;CRUZEIRO DO SUL;PREFEITO;1;4;PT;HENRIQUE AFONSO SOARES LIMA;HENRIQUE AFONSO;13;;DEFERIDO;NÃO ELEITO;9048
2004;AC;EPITACIOLANDIA;PREFEITO;1;6;PSB;JOSE RONALDO PESSOA PEREIRA;JOSE RONALDO;40;;DEFERIDO;ELEITO;2844
2004;AC;EPITACIOLANDIA;PREFEITO;1;6;PDT;ANDRE LUIZ PEREIRA HASSEM;ANDRE HASSEM;12;;DEFERIDO;NÃO ELEITO;1768
2004;AC;EPITACIOLANDIA;PREFEITO;1;6;PSDB;ANTONIO TORRES DE LIMA;TORRES;45;;DEFERIDO;NÃO ELEITO;1029
2004;AC;FEIJO;PREFEITO;1;7;PT;FRANCIMAR FERNANDES DE ALBUQUERQUE;FRANCIMAR FERNANDES;13;;DEFERIDO;ELEITO;5337
2004;AC;FEIJO;PREFEITO;1;7;PSDB;JOAQUIM MACHADO DE SOUZA;JOAQUIM SOUZA;45;;DEFERIDO;NÃO ELEITO;5080
2004;AC;JORDAO;PREFEITO;1;5;PT;HILÁRIO DE HOLANDA MELO;MELO;13;;DEFERIDO;ELEITO;1345
2004;AC;JORDAO;PREFEITO;1;5;PMDB;ZEINA MARIA LINA DE MELO;ZEINA MARIA;15;;DEFERIDO;NÃO ELEITO;988
2004;AC;JORDAO;PREFEITO;1;5;PP;JESSE TAVARES LEITÃO;JESSÉ LEITÃO;11;;DEFERIDO;NÃO ELEITO;47
2004;AC;MANCIO LIMA;PREFEITO;1;4;PL;LUIZ HELOSMAN DE FIGUEIREDO;LUIZ HELOSMAN;22;;DEFERIDO;ELEITO;2327
2004;AC;MANCIO LIMA;PREFEITO;1;4;PMDB;CLEIDISON DE JESUS ROCHA;CLEIDISON ROCHA;15;;DEFERIDO;NÃO ELEITO;1900
2004;AC;MANCIO LIMA;PREFEITO;1;4;PC do B;ERITON MAIA DE MACEDO;ERITON MAIA;65;;DEFERIDO;NÃO ELEITO;1881
2004;AC;MANUEL URBANO;PREFEITO;1;3;PSDC;MANOEL DA SILVA ALMEIDA;MANOEL ALMEIDA;27;;DEFERIDO;ELEITO;2173
2004;AC;MANUEL URBANO;PREFEITO;1;3;PT;RUBENS MARTINS PEREIRA;RUBENS;13;;DEFERIDO;NÃO ELEITO;969
2004;AC;MARECHAL THAUMATURGO;PREFEITO;1;4;PT;ITAMAR PEREIRA DE SÁ;ITAMAR DE SÁ;13;;DEFERIDO;ELEITO;2782
2004;AC;MARECHAL THAUMATURGO;PREFEITO;1;4;PMDB;LEANDRO TAVARES DE ALMEIDA;LEANDRO TAVARES;15;;DEFERIDO;NÃO ELEITO;1680
2004;AC;PLACIDO DE CASTRO;PREFEITO;1;8;PT;PAULO CESAR DA SILVA;PAULINHO ALMEIDA;13;;DEFERIDO;ELEITO;2199
2004;AC;PLACIDO DE CASTRO;PREFEITO;1;8;PL;JOÃO LOPES FERREIRA;JOÃO GOIANO;22;;DEFERIDO;NÃO ELEITO;1978
2004;AC;PLACIDO DE CASTRO;PREFEITO;1;8;PMN;RONEY DE OLIVEIRA FIRMINO;RONEY;33;;DEFERIDO;NÃO ELEITO;1533
2004;AC;PLACIDO DE CASTRO;PREFEITO;1;8;PSB;FRANCISCO TAVARES DE SOUZA;TAVARES;40;;DEFERIDO;NÃO ELEITO;1413
2004;AC;PLACIDO DE CASTRO;PREFEITO;1;8;PFL;LUIZ PEREIRA DE LIMA;LUIZ PEREIRA;25;;DEFERIDO;NÃO ELEITO;1005
2004;AC;PORTO ACRE;PREFEITO;1;10;PPS;JOSÉ RUY COELHO DE ALBUQUERQUE;RUY COELHO;23;;DEFERIDO;ELEITO;2095
2004;AC;PORTO ACRE;PREFEITO;1;10;PT;JOSÉ MARIA RODRIGUES;ZÉ MARIA;13;;DEFERIDO;NÃO ELEITO;1394
2004;AC;PORTO ACRE;PREFEITO;1;10;PL;BENEDITO CAVALCANTE DAMASCENO;BENÉ;22;;DEFERIDO;NÃO ELEITO;1242
2004;AC;PORTO ACRE;PREFEITO;1;10;PSB;JOSE RUBENS COELHO BENICIO;JOSE RUBENS;40;;DEFERIDO;NÃO ELEITO;486
2004;AC;PORTO ACRE;PREFEITO;1;10;PDT;CARLOS ALBERTO SENA AQUINO;CARLOS ALBERTO XEPA;12;;DEFERIDO;NÃO ELEITO;165
2004;AC;PORTO WALTER;PREFEITO;1;4;PT;NEUZARI CORREIA PINHEIRO;NEUZARI;13;;DEFERIDO;ELEITO;1746
2004;AC;PORTO WALTER;PREFEITO;1;4;PMDB;ANTONIO RAIMUNDO DE ARAUJO;ARAUJO;15;;DEFERIDO;NÃO ELEITO;1660
2004;AC;RIO BRANCO;PREFEITO;1;1;PT;RAIMUNDO ANGELIM VASCONCELOS;ANGELIM;13;;DEFERIDO;ELEITO;24526
2004;AC;RIO BRANCO;PREFEITO;1;9;PT;RAIMUNDO ANGELIM VASCONCELOS;ANGELIM;13;;DEFERIDO;ELEITO;24324
2004;AC;RIO BRANCO;PREFEITO;1;10;PT;RAIMUNDO ANGELIM VASCONCELOS;ANGELIM;13;;DEFERIDO;ELEITO;20882
2004;AC;RIO BRANCO;PREFEITO;1;9;PPS;MÁRCIO MIGUEL BITTAR;MÁRCIO BITTAR;23;;DEFERIDO;NÃO ELEITO;20384
2004;AC;RIO BRANCO;PREFEITO;1;1;PPS;MÁRCIO MIGUEL BITTAR;MÁRCIO BITTAR;23;;DEFERIDO;NÃO ELEITO;20027
2004;AC;RIO BRANCO;PREFEITO;1;10;PPS;MÁRCIO MIGUEL BITTAR;MÁRCIO BITTAR;23;;DEFERIDO;NÃO ELEITO;18378
2004;AC;RIO BRANCO;PREFEITO;1;1;PP;JOSE RAIMUNDO BARROSO BESTENE;BESTENE;11;;DEFERIDO;NÃO ELEITO;4733
2004;AC;RIO BRANCO;PREFEITO;1;9;PP;JOSE RAIMUNDO BARROSO BESTENE;BESTENE;11;;DEFERIDO;NÃO ELEITO;4170
2004;AC;RIO BRANCO;PREFEITO;1;10;PP;JOSE RAIMUNDO BARROSO BESTENE;BESTENE;11;;DEFERIDO;NÃO ELEITO;3453
2004;AC;RODRIGUES ALVES;PREFEITO;1;4;PP;FRANCISCO VAGNER DE SANTANA AMORIM;DEDA;11;;DEFERIDO;ELEITO;3277
2004;AC;RODRIGUES ALVES;PREFEITO;1;4;PT;FRANCISCO ERNILSON DE FREITAS;BURICA;13;;DEFERIDO;NÃO ELEITO;1638
2004;AC;SANTA ROSA;PREFEITO;1;3;PT;JOSÉ ALTAMIR TAUMATURGO SÁ;TAMIR;13;;DEFERIDO;ELEITO;647
2004;AC;SANTA ROSA;PREFEITO;1;3;PC do B;FRANCISCO LOPES AUGUSTO KAXINAWÁ;FRANCISCO KAXINAWÁ;65;;DEFERIDO;NÃO ELEITO;430
2004;AC;SENADOR GUIOMARD;PREFEITO;1;8;PPS;CARLOS CELSO MEDEIROS RIBEIRO;CELSO RIBEIRO;23;;DEFERIDO;ELEITO;5184
2004;AC;SENADOR GUIOMARD;PREFEITO;1;8;PT;ZENILDA BARBALHO BEZERRA DE LIMA;ZENILDA;13;;DEFERIDO;NÃO ELEITO;4429
2004;AC;SENA MADUREIRA;PREFEITO;1;3;PL;NILSON ROBERTO AREAL DE ALMEIDA;NILSON AREAL;22;;DEFERIDO;ELEITO;4355
2004;AC;SENA MADUREIRA;PREFEITO;1;3;PFL;MOACIR DE LIMA FURTADO;MOACIR FURTADO;25;;DEFERIDO;NÃO ELEITO;4081
2004;AC;SENA MADUREIRA;PREFEITO;1;3;PMN;CARLOS ROBERTO DE OLIVEIRA;CARLOS DO BASA;33;;DEFERIDO;NÃO ELEITO;3683
2004;AC;SENA MADUREIRA;PREFEITO;1;3;PP;WANDERLEY ZAIRE LOPES;WANDERLEY ZAIRE;11;;DEFERIDO;NÃO ELEITO;2250
2004;AC;TARAUACA;PREFEITO;1;5;PSDB;ERISVANDO TORQUATO DO NASCIMENTO;VANDO;45;;DEFERIDO;ELEITO;3859
2004;AC;TARAUACA;PREFEITO;1;5;PC do B;FRANCISCO DAS CHAGAS BATISTA LOPES;BATISTA;65;;DEFERIDO;NÃO ELEITO;3401
2004;AC;TARAUACA;PREFEITO;1;5;PTB;FRANCISCO LOPES PESSOA;CHICO SOMBRA;14;;DEFERIDO;NÃO ELEITO;2757
2004;AC;TARAUACA;PREFEITO;1;5;PMDB;JOSÉ MOURÃO FILHO;MOURÃO;15;;DEFERIDO;NÃO ELEITO;2575
2004;AC;XAPURI;PREFEITO;1;2;PMDB;VANDERLEY VIANA DE LIMA;VANDERLEY VIANA;15;;DEFERIDO;ELEITO;3520
2004;AC;XAPURI;PREFEITO;1;2;PT;RAIMUNDO MENDES DE BARROS;RAIMUNDÃO;13;;DEFERIDO;NÃO ELEITO;3367
2000;AC;ACRELANDIA;PREFEITO;1;8;PSDB;SEBASTIÃO BOCALOM RODRIGUES;TIÃO BOCALOM;45;;DEFERIDO;ELEITO;2394
2000;AC;ACRELANDIA;PREFEITO;1;8;PFL;PAULO CESAR FERREIRA DE ARAÚJO;PAULINHO;25;;SUB JUDICE;NÃO ELEITO;1663
2000;AC;ASSIS BRASIL;PREFEITO;1;6;PT;MANOEL BATISTA DE ARAÚJO;MANOEL DO ELOY;13;;DEFERIDO;ELEITO;1345
2000;AC;ASSIS BRASIL;PREFEITO;1;6;PPB;SONIA MARIA ARAÚJO BESSA;SÔNIA;11;;DEFERIDO;NÃO ELEITO;952
2000;AC;BRASILEIA;PREFEITO;1;6;PT;JOSE ALVANI LOPES;ALVANI;13;;DEFERIDO;ELEITO;3864
2000;AC;BRASILEIA;PREFEITO;1;6;PMDB;ALDEMIR LOPES DA SILVA;ALDEMIR LOPES;15;;SUB JUDICE;NÃO ELEITO;3663
2000;AC;BRASILEIA;PREFEITO;1;6;PMN;FRANCISCO JOSEMAR DA SILVA;ZEMAR;33;;DEFERIDO;NÃO ELEITO;1235
2000;AC;BUJARI;PREFEITO;1;9;PMDB;JOÃO EDVALDO TELES DE LIMA;PADEIRO;15;;;ELEITO;1415
2000;AC;BUJARI;PREFEITO;1;9;PT;EVANDRO OLIVEIRA CARDOSO;EVANDRO;13;;;NÃO ELEITO;959
2000;AC;BUJARI;PREFEITO;1;9;PDT;SILVINO ANTONIO DE OLIVEIRA;SILVINO ANTONIO;12;;;NÃO ELEITO;226
2000;AC;CAPIXABA;PREFEITO;1;8;PSDB;LOURIVAL MUSTAFA DE ANDRADE;SERRARIA;45;;DEFERIDO;ELEITO;1434
2000;AC;CAPIXABA;PREFEITO;1;8;PMN;TEREZINHA DE AMORIM SOARES;TEREZINHA;33;;DEFERIDO;NÃO ELEITO;896
2000;AC;CRUZEIRO DO SUL;PREFEITO;1;4;PPB;CARLOS CESAR CORREIA DE MESSIAS;CESAR MESSIAS;11;;DEFERIDO;ELEITO;9422
2000;AC;CRUZEIRO DO SUL;PREFEITO;1;4;PMDB;ALUIZIO BEZERRA DE OLIVEIRA;ALUIZIO BEZERRA;15;;DEFERIDO;NÃO ELEITO;7862
2000;AC;CRUZEIRO DO SUL;PREFEITO;1;4;PSDB;OSMAR ALVES BANDEIRA;OSMAR BANDEIRA;45;;DEFERIDO;NÃO ELEITO;6487
2000;AC;CRUZEIRO DO SUL;PREFEITO;1;4;PMN;CAREM PEREIRA LIMA DE CARVALHO;CAREM CARVALHO;33;;DEFERIDO;NÃO ELEITO;892
2000;AC;EPITACIOLANDIA;PREFEITO;1;6;PPB;JOÃO SEBASTIÃO FLORES DA SILVA;TIÃO FLORES;11;;SUB JUDICE;ELEITO;2313
2000;AC;EPITACIOLANDIA;PREFEITO;1;6;PPS;SEVERINO GOMES DA SILVA;SEVERINO SILVA;23;;DEFERIDO;NÃO ELEITO;1100
2000;AC;EPITACIOLANDIA;PREFEITO;1;6;PDT;LUIZ BRANDÃO HASSEM;LUIZ HASSEM;12;;DEFERIDO;NÃO ELEITO;907
2000;AC;FEIJO;PREFEITO;1;7;PT;FRANCIMAR FERNANDES DE ALBUQUERQUE;FRANCIMAR FF;13;;DEFERIDO;ELEITO;5423
2000;AC;FEIJO;PREFEITO;1;7;PFL;JOSÉ AUGUSTO FERREIRA PINHEIRO;JOSÉ AUGUSTO FERREIRA PINHEIRO;25;;DEFERIDO;NÃO ELEITO;3147
2000;AC;JORDAO;PREFEITO;1;5;PPB;FRANCISCO TURIANO DE FARIAS;FRANCISCO TURIANO DE FARIAS;11;;DEFERIDO;ELEITO;1078
2000;AC;JORDAO;PREFEITO;1;5;PT;JOSÉ OSAIR SALES;SIÃ;13;;DEFERIDO;NÃO ELEITO;818
2000;AC;MANCIO LIMA;PREFEITO;1;4;PPB;LUIZ HELOSMAN DE FIGUEIREDO;LUIZ HELOSMAN;11;;DEFERIDO;ELEITO;3348
2000;AC;MANCIO LIMA;PREFEITO;1;4;PMDB;PAULO LIMA DENE;PAULO DENE;15;;DEFERIDO;NÃO ELEITO;1895
2000;AC;MANUEL URBANO;PREFEITO;1;3;PT;JORGE ALMEIDA DA SILVA;JORGE ALMEIDA;13;;DEFERIDO;ELEITO;1339
2000;AC;MANUEL URBANO;PREFEITO;1;3;PMDB;IOLANDA FERREIRA LIMA;IOLANDA;15;;DEFERIDO;NÃO ELEITO;1172
2000;AC;MARECHAL THAUMATURGO;PREFEITO;1;4;PMDB;ITAMAR PEREIRA DE SA;ITAMAR DE SA;15;;DEFERIDO;ELEITO;2101
2000;AC;MARECHAL THAUMATURGO;PREFEITO;1;4;PSDB;JOSIMAR GOMES DE AZEVEDO;JOSIMAR GOMES;45;;DEFERIDO;NÃO ELEITO;1026
2000;AC;PLACIDO DE CASTRO;PREFEITO;1;8;PSDB;FRANCISCO TAVARES DE SOUZA;TAVARES;45;;DEFERIDO;ELEITO;4218
2000;AC;PLACIDO DE CASTRO;PREFEITO;1;8;PFL;LUIZ PEREIRA DE LIMA;LUIZ PEREIRA;25;;SUB JUDICE;NÃO ELEITO;2456
2000;AC;PORTO ACRE;PREFEITO;1;10;PMDB;PEDRO RODRIGUES LINARD;PEDRO ABÍLIO;15;;;ELEITO;3255
2000;AC;PORTO ACRE;PREFEITO;1;10;PPS;JOSE RUY COELHO DE ALBUQUERQUE;RUY COELHO;23;;;NÃO ELEITO;1677
2000;AC;PORTO WALTER;PREFEITO;1;4;PMDB;VANDERLEY MESSIAS SALES;VANDERLEY SALES;15;;DEFERIDO;ELEITO;1418
2000;AC;PORTO WALTER;PREFEITO;1;4;PSDB;NEUZARI CORREIA PINHEIRO;NEUZARIR PINHEIRO;45;;DEFERIDO;NÃO ELEITO;1218
2000;AC;RIO BRANCO;PREFEITO;1;1;PMDB;FLAVIANO FLÁVIO BAPTISTA DE MELO;FLAVIANO MELO;15;;;ELEITO;20482
2000;AC;RIO BRANCO;PREFEITO;1;1;PT;RAIMUNDO ANGELIM VASCONCELOS;ANGELIM;13;;;NÃO ELEITO;19796
2000;AC;RIO BRANCO;PREFEITO;1;9;PMDB;FLAVIANO FLÁVIO BAPTISTA DE MELO;FLAVIANO MELO;15;;;ELEITO;18255
2000;AC;RIO BRANCO;PREFEITO;1;9;PT;RAIMUNDO ANGELIM VASCONCELOS;ANGELIM;13;;;NÃO ELEITO;17571
2000;AC;RIO BRANCO;PREFEITO;1;10;PMDB;FLAVIANO FLÁVIO BAPTISTA DE MELO;FLAVIANO MELO;15;;;ELEITO;16253
2000;AC;RIO BRANCO;PREFEITO;1;10;PT;RAIMUNDO ANGELIM VASCONCELOS;ANGELIM;13;;;NÃO ELEITO;14172
2000;AC;RIO BRANCO;PREFEITO;1;1;PTB;JOSÉ RAIMUNDO BARROZO BESTENE;BESTENE;14;;;NÃO ELEITO;3538
2000;AC;RIO BRANCO;PREFEITO;1;9;PTB;JOSÉ RAIMUNDO BARROZO BESTENE;BESTENE;14;;;NÃO ELEITO;2481
2000;AC;RIO BRANCO;PREFEITO;1;10;PTB;JOSÉ RAIMUNDO BARROZO BESTENE;BESTENE;14;;;NÃO ELEITO;1984
2000;AC;RIO BRANCO;PREFEITO;1;9;PRTB;ANTONIO NERIS GOUVEIA;GOUVEIA;28;;;NÃO ELEITO;190
2000;AC;RIO BRANCO;PREFEITO;1;1;PRTB;ANTONIO NERIS GOUVEIA;GOUVEIA;28;;;NÃO ELEITO;177
2000;AC;RIO BRANCO;PREFEITO;1;10;PRTB;ANTONIO NERIS GOUVEIA;GOUVEIA;28;;;NÃO ELEITO;121
2000;AC;RODRIGUES ALVES;PREFEITO;1;4;PPB;FRANCISCO VAGNER DE SANTANA AMORIM;DEDA;11;;DEFERIDO;ELEITO;1706
2000;AC;RODRIGUES ALVES;PREFEITO;1;4;PMDB;RUI MATOS SAID MAIA;RUI ASSEN;15;;DEFERIDO;NÃO ELEITO;1308
2000;AC;RODRIGUES ALVES;PREFEITO;1;4;PFL;SEBASTIÃO SOUZA CORREIA;BASTIÃO DO IZIK;25;;DEFERIDO;NÃO ELEITO;689
2000;AC;SANTA ROSA;PREFEITO;1;3;PT;JOSÉ ALTAMIR TAUMATURGO DE SÁ;JOSE ALTAMIR TAUMATURGO DE SÁ;13;;DEFERIDO;ELEITO;383
2000;AC;SANTA ROSA;PREFEITO;1;3;PPB;VALDEMAR RODRIGUES DE MOURA;VALDEMAR RODRIGUES DE MOURA;11;;DEFERIDO;NÃO ELEITO;258
2000;AC;SENADOR GUIOMARD;PREFEITO;1;8;PFL;MANOEL GOMES SOCORRO DA SILVA;MANOEL GOMES;25;;DEFERIDO;ELEITO;4316
2000;AC;SENADOR GUIOMARD;PREFEITO;1;8;PT;ADONAY DE OLIVEIRA BRITO;ADONAY;13;;DEFERIDO;NÃO ELEITO;4248
2000;AC;SENA MADUREIRA;PREFEITO;1;3;PFL;ANTONIA FRANÇA DE OLIVEIRA VIEIRA;TOINHA VIEIRA;25;;DEFERIDO;ELEITO;7175
2000;AC;SENA MADUREIRA;PREFEITO;1;3;PPS;SEBASTIÃO RUFINO DE LUCENA;TIÃO LUCENA;23;;DEFERIDO;NÃO ELEITO;4744
2000;AC;SENA MADUREIRA;PREFEITO;1;3;PRTB;ANTONIO GILVAN GOUVEIA DINIZ;GILVAN DINIZ;28;;DEFERIDO;NÃO ELEITO;602
2000;AC;TARAUACA;PREFEITO;1;5;PT;JOSONE FERREIRA DA SILVA;JASONE;13;;DEFERIDO;ELEITO;5991
2000;AC;TARAUACA;PREFEITO;1;5;PC do B;MOISES DINIZ LIMA;MOISÉS DINIZ;65;;DEFERIDO;NÃO ELEITO;4564
2000;AC;XAPURI;PREFEITO;1;2;PT;JÚLIO BARBOSA DE AQUINO;JÚLIO BARBOSA;13;;DEFERIDO;ELEITO;4087
2000;AC;XAPURI;PREFEITO;1;2;PFL;SEBASTIÃO MELLO FRANCISCO;TIÃO;25;;DEFERIDO;NÃO ELEITO;2342
1996;AC;BUJARI;PREFEITO;1;1;PMDB;JOAO EDVALDO TELES DE LIMA;;15;;;ELEITO;1089
1996;AC;BUJARI;PREFEITO;1;1;PPB;FRANCISCO IVAN ARAUJO MARCAL;;11;;;NAO ELEITO;1028
1996;AC;BUJARI;PREFEITO;1;1;PT;PEDRO GOMES DE OLIVEIRA;;13;;;NAO ELEITO;601
1996;AC;CAPIXABA;PREFEITO;1;1;PPB;LOURIVAL MUSTAFA DE ANDRADE;;11;;;ELEITO;704
1996;AC;CAPIXABA;PREFEITO;1;1;PFL;RONALDO TESSINARI;;25;;;NAO ELEITO;640
1996;AC;CAPIXABA;PREFEITO;1;1;PT;CARLOS ALVES DE BRITO;;13;;;NAO ELEITO;221
1996;AC;PORTO ACRE;PREFEITO;1;1;PFL;JOSE RUY COELHO DE ALBUQUERQUE;;25;;;ELEITO;1168
1996;AC;PORTO ACRE;PREFEITO;1;1;PMDB;PEDRO RODRIGUES LINARD;;15;;;NAO ELEITO;1094
1996;AC;PORTO ACRE;PREFEITO;1;1;PMN;JOSE RUBENS COELHO BENICIO;;33;;;NAO ELEITO;990
1996;AC;PORTO ACRE;PREFEITO;1;1;PT;NOEL MATOS DE ARAUJO CHAVES;;13;;;NAO ELEITO;736
1996;AC;PORTO ACRE;PREFEITO;1;1;PDT;CARLOS ALBERTO SENA AQUINO;;12;;;NAO ELEITO;152
1996;AC;RIO BRANCO;PREFEITO;1;1;PMDB;MAURI SERGIO MOURA DE OLIVEIRA;;15;;;ELEITO;45113
1996;AC;RIO BRANCO;PREFEITO;1;1;PT;MARCOS AFONSO PONTES DE SOUZA;;13;;;NAO ELEITO;41503
1996;AC;RIO BRANCO;PREFEITO;1;1;PPB;CARLOS AIRTON MAGALHAES SANTANA DE SOUZA;;11;;;NAO ELEITO;5500
1996;AC;RIO BRANCO;PREFEITO;1;1;PMN;SERGIO DE OLIVEIRA CUNHA;;33;;;NAO ELEITO;2294
1996;AC;RIO BRANCO;PREFEITO;1;1;PC DO B;SERGIO ROCHA TABOADA;;65;;;NAO ELEITO;975
1996;AC;RIO BRANCO;PREFEITO;1;1;PSDB;DAMIAO PEREIRA DE ARAUJO;;45;;;NAO ELEITO;401
1996;AC;RIO BRANCO;PREFEITO;1;1;PTB;MOISES FAUSTINO DA ROCHA FILHO;;14;;;NAO ELEITO;335
1996;AC;RIO BRANCO;PREFEITO;1;1;PT DO B;JOSE MATOS DA SILVA;;70;;;NAO ELEITO;277
